{
  "final_return_ma": 166.60000610351562,
  "strength": 144.74000549316406,
  "max_strength": 178.13999938964844,
  "final_strength": 178.13999938964844,
  "sample_efficiency": 2.126339495589491e-05,
  "training_efficiency": 0.00011342656944179907,
  "stability": 0.8581850826740265
}