{
  "final_return_ma": 29.700000762939453,
  "strength": 7.839999198913574,
  "max_strength": 46.13999938964844,
  "final_strength": 9.139999389648438,
  "sample_efficiency": -1.0497482435312122e-05,
  "training_efficiency": -5.6138436775654554e-05,
  "stability": 0.45134270191192627
}