{
  "final_return_ma": 120.0999984741211,
  "strength": 98.24000549316406,
  "max_strength": 178.13999938964844,
  "final_strength": 178.13999938964844,
  "sample_efficiency": 1.5457017070730217e-05,
  "training_efficiency": 8.244428317993879e-05,
  "stability": 0.9042598158121109
}