{
  "final_return_ma": 115.30000305175781,
  "strength": 93.44000244140625,
  "max_strength": 178.13999938964844,
  "final_strength": 178.13999938964844,
  "sample_efficiency": 1.953215542016551e-05,
  "training_efficiency": 0.00010420094622531906,
  "stability": 0.353397011756897
}