{
  "final_return_ma": 160.1999969482422,
  "strength": 138.33999633789062,
  "max_strength": 178.13999938964844,
  "final_strength": 178.13999938964844,
  "sample_efficiency": 1.919905662361998e-05,
  "training_efficiency": 0.00010242275311611593,
  "stability": 1.0
}