{
  "final_return_ma": 28.700000762939453,
  "strength": 6.839999198913574,
  "max_strength": 59.13999938964844,
  "final_strength": -0.8600006103515625,
  "sample_efficiency": -1.0588777513476089e-05,
  "training_efficiency": -5.661068280460313e-05,
  "stability": 0.09038400650024414
}