{
  "final_return_ma": 184.39999389648438,
  "strength": 162.54000854492188,
  "max_strength": 178.13999938964844,
  "final_strength": 178.13999938964844,
  "sample_efficiency": 2.2503161744680256e-05,
  "training_efficiency": 0.00012004571908619255,
  "stability": 1.0
}