{
  "final_return_ma": 164.60000610351562,
  "strength": 142.74000549316406,
  "max_strength": 178.13999938964844,
  "final_strength": 178.13999938964844,
  "sample_efficiency": 2.0390369172673672e-05,
  "training_efficiency": 0.0001087683267542161,
  "stability": 0.9231545105576515
}