{
  "final_return_ma": 45.400001525878906,
  "strength": 23.53999900817871,
  "max_strength": 83.13999938964844,
  "final_strength": 33.13999938964844,
  "sample_efficiency": 1.4737552191945724e-05,
  "training_efficiency": 7.861678022891283e-05,
  "stability": 0.34737467765808105
}