{
  "final_return_ma": 27.90000009536743,
  "strength": 6.03999936580658,
  "max_strength": 43.13999938964844,
  "final_strength": 10.139999389648438,
  "sample_efficiency": -1.9073859675700078e-05,
  "training_efficiency": -0.00010195728282269556,
  "stability": -0.21055632829666138,
  "consistency": -2.6434296001337922
}