{
  "final_return_ma": 167.57500076293945,
  "strength": 145.71500396728516,
  "max_strength": 178.13999938964844,
  "final_strength": 178.13999938964844,
  "sample_efficiency": 2.04430161829805e-05,
  "training_efficiency": 0.00010905317685683258,
  "stability": 0.955335546284914,
  "consistency": 0.7870994807477574
}