{
  "final_return_ma": 197.2750015258789,
  "strength": 175.41500091552734,
  "max_strength": 178.13999938964844,
  "final_strength": 178.13999938964844,
  "sample_efficiency": 2.813753008013009e-05,
  "training_efficiency": 0.00015015571261756122,
  "stability": 1.0,
  "consistency": 0.9378616432557363
}