{
  "final_return_ma": 38.0,
  "strength": 16.139999389648438,
  "max_strength": 52.13999938964844,
  "final_strength": 52.13999938964844,
  "sample_efficiency": 8.214664376282599e-06,
  "training_efficiency": 4.378798621473834e-05,
  "stability": 0.4874610900878906
}