{
  "final_return_ma": 128.87499904632568,
  "strength": 107.01500242948532,
  "max_strength": 140.13999938964844,
  "final_strength": 130.13999938964844,
  "sample_efficiency": 2.3216782210511155e-05,
  "training_efficiency": 1.9347317902429495e-05,
  "stability": -4.71603873744607,
  "consistency": -0.5517751383107996
}