{
  "final_return_ma": 182.3000030517578,
  "strength": 160.44000244140625,
  "max_strength": 178.13999938964844,
  "final_strength": 178.13999938964844,
  "sample_efficiency": 2.2330241336021572e-05,
  "training_efficiency": 0.00011912704212591052,
  "stability": 1.0
}