{
  "final_return_ma": 157.39999389648438,
  "strength": 135.54000854492188,
  "max_strength": 178.13999938964844,
  "final_strength": 178.13999938964844,
  "sample_efficiency": 2.269438664370682e-05,
  "training_efficiency": 0.00012105942005291581,
  "stability": 0.7799976170063019
}