{
  "final_return_ma": 174.6999969482422,
  "strength": 152.84000396728516,
  "max_strength": 178.13999938964844,
  "final_strength": 178.13999938964844,
  "sample_efficiency": 2.4968080197140807e-05,
  "training_efficiency": 0.00013321498045115732,
  "stability": 0.8921592961996794,
  "consistency": 0.5717255322066668
}