{
  "final_return_ma": 190.1999969482422,
  "strength": 168.33999633789062,
  "max_strength": 178.13999938964844,
  "final_strength": 178.13999938964844,
  "sample_efficiency": 2.9054275728412904e-05,
  "training_efficiency": 0.0001550576853333041,
  "stability": 0.934894971549511
}