{
  "final_return_ma": 168.89999389648438,
  "strength": 147.04000854492188,
  "max_strength": 178.13999938964844,
  "final_strength": 178.13999938964844,
  "sample_efficiency": 2.5793417080421932e-05,
  "training_efficiency": 0.00013761577429249883,
  "stability": 0.8537445962429047
}