{
  "final_return_ma": 185.89999389648438,
  "strength": 164.04000854492188,
  "max_strength": 178.13999938964844,
  "final_strength": 178.13999938964844,
  "sample_efficiency": 2.3211801817524247e-05,
  "training_efficiency": 1.9343167878105305e-05,
  "stability": 1.0
}