{
  "final_return_ma": 155.0,
  "strength": 133.13999938964844,
  "max_strength": 178.13999938964844,
  "final_strength": 178.13999938964844,
  "sample_efficiency": 1.7745711375027895e-05,
  "training_efficiency": 1.4788092812523246e-05,
  "stability": 1.0
}