{
  "final_return_ma": 153.8000030517578,
  "strength": 131.94000244140625,
  "max_strength": 178.13999938964844,
  "final_strength": 178.13999938964844,
  "sample_efficiency": 2.0644043615902774e-05,
  "training_efficiency": 1.720337058941368e-05,
  "stability": 0.8352697938680649
}