{
  "final_return_ma": 20.799999237060547,
  "strength": -1.0600006580352783,
  "max_strength": 26.139999389648438,
  "final_strength": -13.860000610351562,
  "sample_efficiency": 3.1265572033589706e-05,
  "training_efficiency": 2.605464032967575e-05,
  "stability": -21.699424743652344
}