{
  "final_return_ma": 29.299999237060547,
  "strength": 7.439999580383301,
  "max_strength": 33.13999938964844,
  "final_strength": 33.13999938964844,
  "sample_efficiency": -3.733393896254711e-06,
  "training_efficiency": -2.0061153918504715e-05,
  "stability": 0.2971400022506714
}