{
  "final_return_ma": 173.3000030517578,
  "strength": 151.44000244140625,
  "max_strength": 178.13999938964844,
  "final_strength": 178.13999938964844,
  "sample_efficiency": 2.4471721189911477e-05,
  "training_efficiency": 0.0001305626065004617,
  "stability": 0.8959783315658569
}