{
  "final_return_ma": 48.35000038146973,
  "strength": 26.489999294281006,
  "max_strength": 95.13999938964844,
  "final_strength": 67.63999938964844,
  "sample_efficiency": 1.5255727703333832e-05,
  "training_efficiency": 8.137956046994077e-05,
  "stability": 0.4669898897409439,
  "consistency": -0.8650114979499999
}