{
  "final_return_ma": 199.10000610351562,
  "strength": 177.24000549316406,
  "max_strength": 178.13999938964844,
  "final_strength": 178.13999938964844,
  "sample_efficiency": 2.935377779067494e-05,
  "training_efficiency": 0.00015665516548324376,
  "stability": 0.9943547477014363
}