{
  "final_return_ma": 186.39999389648438,
  "strength": 164.54000854492188,
  "max_strength": 178.13999938964844,
  "final_strength": 106.13999938964844,
  "sample_efficiency": 2.738339389907196e-05,
  "training_efficiency": 0.00014612106315325946,
  "stability": 0.9532242752611637
}