{
  "0": {
    "final_return_ma": 27.90000009536743,
    "strength": 6.03999936580658,
    "max_strength": 43.13999938964844,
    "final_strength": 10.139999389648438,
    "sample_efficiency": -1.9073859675700078e-05,
    "training_efficiency": -0.00010195728282269556,
    "stability": -0.21055632829666138,
    "consistency": -2.6434296001337922,
    "agent.0.net.optim_spec.lr": 0.0005
  },
  "1": {
    "final_return_ma": 39.84999942779541,
    "strength": 17.989999294281006,
    "max_strength": 63.38999938964844,
    "final_strength": 38.63999938964844,
    "sample_efficiency": 1.0943109600702883e-05,
    "training_efficiency": 5.833037539559882e-05,
    "stability": 0.5303039476275444,
    "consistency": -0.8541003565247145,
    "agent.0.net.optim_spec.lr": 0.001
  },
  "2": {
    "final_return_ma": 48.35000038146973,
    "strength": 26.489999294281006,
    "max_strength": 95.13999938964844,
    "final_strength": 67.63999938964844,
    "sample_efficiency": 1.5255727703333832e-05,
    "training_efficiency": 8.137956046994077e-05,
    "stability": 0.4669898897409439,
    "consistency": -0.8650114979499999,
    "agent.0.net.optim_spec.lr": 0.001
  },
  "3": {
    "final_return_ma": 142.42500114440918,
    "strength": 120.56500244140625,
    "max_strength": 178.13999938964844,
    "final_strength": 178.13999938964844,
    "sample_efficiency": 1.874488543762709e-05,
    "training_efficiency": 9.999392750614788e-05,
    "stability": 0.7952028345316648,
    "consistency": 0.15898461882706594,
    "agent.0.net.optim_spec.lr": 0.005
  },
  "4": {
    "final_return_ma": 167.57500076293945,
    "strength": 145.71500396728516,
    "max_strength": 178.13999938964844,
    "final_strength": 178.13999938964844,
    "sample_efficiency": 2.04430161829805e-05,
    "training_efficiency": 0.00010905317685683258,
    "stability": 0.955335546284914,
    "consistency": 0.7870994807477574,
    "agent.0.net.optim_spec.lr": 0.01
  },
  "5": {
    "final_return_ma": 197.2750015258789,
    "strength": 175.41500091552734,
    "max_strength": 178.13999938964844,
    "final_strength": 178.13999938964844,
    "sample_efficiency": 2.813753008013009e-05,
    "training_efficiency": 0.00015015571261756122,
    "stability": 1.0,
    "consistency": 0.9378616432557363,
    "agent.0.net.optim_spec.lr": 0.05
  },
  "6": {
    "final_return_ma": 185.04999923706055,
    "strength": 163.19000625610352,
    "max_strength": 178.13999938964844,
    "final_strength": 160.13999938964844,
    "sample_efficiency": 2.718032646953361e-05,
    "training_efficiency": 0.00014504526188829914,
    "stability": 0.9388397495495155,
    "consistency": 0.683304665249158,
    "agent.0.net.optim_spec.lr": 0.1
  }
}