{
  "final_return_ma": 38.79999923706055,
  "strength": 16.939998626708984,
  "max_strength": 64.13999938964844,
  "final_strength": 15.139999389648438,
  "sample_efficiency": 1.071576934918994e-05,
  "training_efficiency": 5.710076220566407e-05,
  "stability": 0.5591857731342316
}