{
  "final_return_ma": 23.899999618530273,
  "strength": 2.039999485015869,
  "max_strength": 34.13999938964844,
  "final_strength": -0.8600006103515625,
  "sample_efficiency": -5.147578485775739e-05,
  "training_efficiency": -0.00027501885779201984,
  "stability": -1.6810920238494873
}