{
  "final_return_ma": 185.04999923706055,
  "strength": 163.19000625610352,
  "max_strength": 178.13999938964844,
  "final_strength": 160.13999938964844,
  "sample_efficiency": 2.718032646953361e-05,
  "training_efficiency": 0.00014504526188829914,
  "stability": 0.9388397495495155,
  "consistency": 0.683304665249158
}