{
  "final_return_ma": 159.10000610351562,
  "strength": 137.24000549316406,
  "max_strength": 178.13999938964844,
  "final_strength": 178.13999938964844,
  "sample_efficiency": 1.8806451407726854e-05,
  "training_efficiency": 0.00010031766578322276,
  "stability": 0.9631571024656296
}