{
  "final_return_ma": 181.39999389648438,
  "strength": 159.54000854492188,
  "max_strength": 178.13999938964844,
  "final_strength": 178.13999938964844,
  "sample_efficiency": 2.7512412998476066e-05,
  "training_efficiency": 0.00014684221241623163,
  "stability": 0.9118016436696053
}