{
  "final_return_ma": 47.29999923706055,
  "strength": 25.439998626708984,
  "max_strength": 57.13999938964844,
  "final_strength": 57.13999938964844,
  "sample_efficiency": 2.3777756723575294e-05,
  "training_efficiency": 0.00012691289884969592,
  "stability": 0.5234715342521667
}