{
  "final_return_ma": 189.10000610351562,
  "strength": 167.24000549316406,
  "max_strength": 178.13999938964844,
  "final_strength": 178.13999938964844,
  "sample_efficiency": 2.468107959430199e-05,
  "training_efficiency": 0.00013168448640499264,
  "stability": 1.0
}