{
  "final_return_ma": 38.599998474121094,
  "strength": 16.739999771118164,
  "max_strength": 45.13999938964844,
  "final_strength": 45.13999938964844,
  "sample_efficiency": 1.54596764332382e-05,
  "training_efficiency": 8.242290641646832e-05,
  "stability": 0.49288398027420044
}