{
  "final_return_ma": 51.400001525878906,
  "strength": 29.53999900817871,
  "max_strength": 93.13999938964844,
  "final_strength": 56.13999938964844,
  "sample_efficiency": 2.0586066966643557e-05,
  "training_efficiency": 0.00010980536899296567,
  "stability": 0.4900944232940674
}