{
  "final_return_ma": 56.70000076293945,
  "strength": 34.84000015258789,
  "max_strength": 178.13999938964844,
  "final_strength": 105.13999938964844,
  "sample_efficiency": 8.44442274683388e-06,
  "training_efficiency": 4.501198782236315e-05,
  "stability": 0.3669325113296509
}