{
  "final_return_ma": 36.599998474121094,
  "strength": 14.739999771118164,
  "max_strength": 61.13999938964844,
  "final_strength": 61.13999938964844,
  "sample_efficiency": 2.859440428437665e-06,
  "training_efficiency": 1.5181052731350064e-05,
  "stability": 0.7217713594436646
}