{
  "final_return_ma": 169.6999969482422,
  "strength": 147.83999633789062,
  "max_strength": 178.13999938964844,
  "final_strength": 178.13999938964844,
  "sample_efficiency": 1.9600000086938962e-05,
  "training_efficiency": 0.00010456215386511758,
  "stability": 1.0
}